<?xml version="1.0"?>
<assembly
  xmlns="http://maven.apache.org/plugins/maven-assembly-plugin/assembly/1.1.2"
  xmlns:xsi="http://www.w3.org/2001/XMLSchema-instance"
  xsi:schemaLocation="
    http://maven.apache.org/xsd/assembly-1.1.2.xsd http://maven.apache.org/xsd/assembly-1.1.2.xsd"
>
  <id>runnable-cardiag</id>

  <formats>
    <format>zip</format>
  </formats>
  <includeBaseDirectory>false</includeBaseDirectory>

  <files>
    <file>
      <source>${project.build.directory}/${project.build.finalName}.one-jar.jar</source>
      <destName>${project.artifactId}.jar</destName>
      <fileMode>664</fileMode>
    </file>
  </files>

  <fileSets>

    <fileSet>
      <directory>${project.build.directory}/run</directory>
      <outputDirectory></outputDirectory>
      <excludes>
        <exclude>**/*.sh</exclude>
      </excludes>
      <filtered>false</filtered>
    </fileSet>
    <fileSet>
      <directory>${project.build.directory}/run</directory>
      <outputDirectory></outputDirectory>
      <includes>
        <include>**/*.sh</include>
      </includes>
      <filtered>false</filtered>
      <fileMode>774</fileMode>
    </fileSet>

  </fileSets>

</assembly>
